DELETE FROM Rentals
DELETE FROM Users
DELETE FROM Books
DELETE FROM Authors
DELETE FROM Publishers
DELETE FROM Fees

/* Users */
INSERT INTO Users (user_id, card_number, name) VALUES (1, '7460b47f4-254f-4334-bdb8-005de74de6ed', 'Reid Kuphal');
INSERT INTO Users (user_id, card_number, name) VALUES (2, '78e79e1f5-d9c5-4d8a-a5c9-a65a427144cd', 'Stan Homenick');
INSERT INTO Users (user_id, card_number, name) VALUES (3, '7a3cfaa28-f414-4f74-ad76-bdb391f2a754', 'Miss Angelina Kertzmann');
INSERT INTO Users (user_id, card_number, name) VALUES (4, '710f6bc77-8040-4039-8100-d05686f5a7a9', 'Lue Pfannerstill');
INSERT INTO Users (user_id, card_number, name) VALUES (5, '7eed3a4f5-eb92-43e9-afae-1fb1f4b8fa6e', 'Mrs. Odessa Blanda');
INSERT INTO Users (user_id, card_number, name) VALUES (6, '76c4d6407-d160-4105-95b1-4542e10fca42', 'Ashtyn Bruen');
INSERT INTO Users (user_id, card_number, name) VALUES (7, '7862dd670-8e80-44f6-b107-9f19634db8e2', 'Marcelino Bins');
INSERT INTO Users (user_id, card_number, name) VALUES (8, '7a0f2e562-5d79-43ab-9dfc-4e641656133c', 'Jadyn Walter');
INSERT INTO Users (user_id, card_number, name) VALUES (9, '77f6d319e-4e28-4556-ad9e-e5bac42afee4', 'Delpha Wiza');
INSERT INTO Users (user_id, card_number, name) VALUES (10, '7fff0fe0a-e16c-4c7c-92d1-8b12cc35433b', 'Ford Stoltenberg');
INSERT INTO Users (user_id, card_number, name) VALUES (11, '743c3af93-8df8-425c-b152-fb02e924f2ff', 'Monty Gutmann');
INSERT INTO Users (user_id, card_number, name) VALUES (12, '71eec405b-a7a6-410b-8b1d-17da3b267f42', 'Dahlia Larkin V');
INSERT INTO Users (user_id, card_number, name) VALUES (13, '7a406d504-e88e-4b37-bdf3-4ef1b428c15b', 'Lulu Olson');
INSERT INTO Users (user_id, card_number, name) VALUES (14, '775ee3595-e172-4a6f-91de-17bb2275d354', 'Mr. Declan Rosenbaum');
INSERT INTO Users (user_id, card_number, name) VALUES (15, '7c6579057-6bd4-4f22-bc18-942cc5ca2319', 'Alvina Ryan');
INSERT INTO Users (user_id, card_number, name) VALUES (16, '7ba05ee82-5ecc-4248-92f9-2020f675b4e2', 'Warren Toy');
INSERT INTO Users (user_id, card_number, name) VALUES (17, '71c7854cb-ef20-4400-b0ee-423ef63f2429', 'Emma Mosciski');
INSERT INTO Users (user_id, card_number, name) VALUES (18, '7868850cd-6860-4cae-87f3-1967604f7468', 'Shanelle Dare');
INSERT INTO Users (user_id, card_number, name) VALUES (19, '7924cab46-f7b0-4a65-8c5a-f248e87e0dd0', 'Dean Turcotte');
INSERT INTO Users (user_id, card_number, name) VALUES (20, '71c909b99-4f6e-412b-91ea-5c76f450eaaf', 'Adela Ratke');
INSERT INTO Users (user_id, card_number, name) VALUES (21, '7872c87e3-abbc-4319-bba5-809418d00626', 'Dorcas Bode');
INSERT INTO Users (user_id, card_number, name) VALUES (22, '7ac2a923a-dd64-4d04-b6f2-ab9295134749', 'Tommie Deckow V');
INSERT INTO Users (user_id, card_number, name) VALUES (23, '7e72fcee4-4f51-401f-b629-7729478fc680', 'Cleo Pouros Sr.');
INSERT INTO Users (user_id, card_number, name) VALUES (24, '7b4b858d6-35b7-4214-8006-73ee9f97cb5c', 'Grant Borer');
INSERT INTO Users (user_id, card_number, name) VALUES (25, '76d38707e-7f91-4a5c-a49b-14732d5f46a4', 'Madilyn Swaniawski');
INSERT INTO Users (user_id, card_number, name) VALUES (26, '762ec29df-58e3-48c3-9bb7-5d3f118e8765', 'Donavon Walsh DDS');
INSERT INTO Users (user_id, card_number, name) VALUES (27, '7ceabdad4-c26a-4000-9bea-9ae0e49838e2', 'Brody Marks');
INSERT INTO Users (user_id, card_number, name) VALUES (28, '72c511bd8-48b0-431b-a15a-1f72375e02d3', 'Gladys Johnston');
INSERT INTO Users (user_id, card_number, name) VALUES (29, '7b877690d-1c2b-432a-8c48-05f59d3689c3', 'Alec Dibbert');
INSERT INTO Users (user_id, card_number, name) VALUES (30, '7813ada42-c5d4-4d69-81aa-57b17ab5288a', 'Demetris Stiedemann');
INSERT INTO Users (user_id, card_number, name) VALUES (31, '78b340ebf-e2c1-4003-8d14-2981658190ec', 'Cleo Cassin');
INSERT INTO Users (user_id, card_number, name) VALUES (32, '7c17e0bd0-4697-4cf1-9068-cfdc5335844b', 'Melvina Schmeler');
INSERT INTO Users (user_id, card_number, name) VALUES (33, '74a9636f3-a337-4ba9-b3bc-a0305de214fb', 'Wilfred King V');
INSERT INTO Users (user_id, card_number, name) VALUES (34, '7974fa503-fad1-467a-b2d5-06bdc6c5e1d4', 'Albert Carter');
INSERT INTO Users (user_id, card_number, name) VALUES (35, '7d98b9459-caea-42a4-8ec2-a05f7569e62f', 'Zena Terry');
INSERT INTO Users (user_id, card_number, name) VALUES (36, '77445836a-3513-4320-b027-d00b1794fecd', 'Quinn Cummerata');
INSERT INTO Users (user_id, card_number, name) VALUES (37, '715771111-6810-4037-b2cc-e07953a3a5db', 'Ms. Jon Green');
INSERT INTO Users (user_id, card_number, name) VALUES (38, '76cf7dd70-b8d6-4a8d-8da1-70eba9d0bb82', 'Kirstin Weimann DDS');
INSERT INTO Users (user_id, card_number, name) VALUES (39, '7139f40b5-e810-4d7d-a5a2-063fea89fd31', 'Tracey Kertzmann DDS');
INSERT INTO Users (user_id, card_number, name) VALUES (40, '7a905a9b1-92f5-4f4d-8a68-14975c1bde9c', 'Lexi Brakus');

/* Authors */
INSERT INTO Authors (author_id, name) VALUES (1, 'Clement Boyle');
INSERT INTO Authors (author_id, name) VALUES (2, 'Breanne Murazik');
INSERT INTO Authors (author_id, name) VALUES (3, 'Miss Monica Klein');
INSERT INTO Authors (author_id, name) VALUES (4, 'Neva Cruickshank II');
INSERT INTO Authors (author_id, name) VALUES (5, 'Shyanne Jacobs');
INSERT INTO Authors (author_id, name) VALUES (6, 'Reuben Kunze');
INSERT INTO Authors (author_id, name) VALUES (7, 'Christopher Hirthe');
INSERT INTO Authors (author_id, name) VALUES (8, 'Lula Nader');
INSERT INTO Authors (author_id, name) VALUES (9, 'Miss Isabella Legros');
INSERT INTO Authors (author_id, name) VALUES (10, 'Kaya Kunze Jr.');
INSERT INTO Authors (author_id, name) VALUES (11, 'Sigrid Herzog IV');
INSERT INTO Authors (author_id, name) VALUES (12, 'Jannie Emard');
INSERT INTO Authors (author_id, name) VALUES (13, 'Ivy Sauer');
INSERT INTO Authors (author_id, name) VALUES (14, 'Mossie Langworth');
INSERT INTO Authors (author_id, name) VALUES (15, 'Izabella Bartell I');
INSERT INTO Authors (author_id, name) VALUES (16, 'Verlie Haag');
INSERT INTO Authors (author_id, name) VALUES (17, 'Hallie Wiegand');
INSERT INTO Authors (author_id, name) VALUES (18, 'Carrie Monahan DDS');
INSERT INTO Authors (author_id, name) VALUES (19, 'Roderick Eichmann Sr.');
INSERT INTO Authors (author_id, name) VALUES (20, 'Providenci Pagac');
INSERT INTO Authors (author_id, name) VALUES (21, 'Adelbert Corwin');
INSERT INTO Authors (author_id, name) VALUES (22, 'Alysson Stark');
INSERT INTO Authors (author_id, name) VALUES (23, 'Julian Wyman');
INSERT INTO Authors (author_id, name) VALUES (24, 'Ms. Bethany Sawayn');
INSERT INTO Authors (author_id, name) VALUES (25, 'Mrs. Kody Kohler');

/* Publishers */
INSERT INTO Publishers (publisher_id, name) VALUES (1, 'Weber-Halvorson');
INSERT INTO Publishers (publisher_id, name) VALUES (2, 'Schowalter, Ernser and Koelpin');
INSERT INTO Publishers (publisher_id, name) VALUES (3, 'Dickens-Stehr');
INSERT INTO Publishers (publisher_id, name) VALUES (4, 'Parker-Cormier');
INSERT INTO Publishers (publisher_id, name) VALUES (5, 'Klein Press');
INSERT INTO Publishers (publisher_id, name) VALUES (6, 'Berge Press');
INSERT INTO Publishers (publisher_id, name) VALUES (7, 'Vandervort, Ferry and Moore');
INSERT INTO Publishers (publisher_id, name) VALUES (8, 'Lemke-Vandervort');
INSERT INTO Publishers (publisher_id, name) VALUES (9, 'Torp-Reichert');
INSERT INTO Publishers (publisher_id, name) VALUES (10, 'Wisozk Printers');

/* Books */
INSERT INTO Books (book_id, title, publish_date, author_id, publisher_id) VALUES (1, 'Robust neutral open architecture', TIMESTAMP '1977-02-20', 2, 7);
INSERT INTO Books (book_id, title, publish_date, author_id, publisher_id) VALUES (2, 'Networked bifurcated circuit', TIMESTAMP '2009-10-16', 2, 7);
INSERT INTO Books (book_id, title, publish_date, author_id, publisher_id) VALUES (3, 'Digitized systematic project', TIMESTAMP '2004-04-02', 2, 5);
INSERT INTO Books (book_id, title, publish_date, author_id, publisher_id) VALUES (4, 'Mandatory eco-centric encryption', TIMESTAMP '1972-12-17', 2, 5);
INSERT INTO Books (book_id, title, publish_date, author_id, publisher_id) VALUES (5, 'Mandatory directional functionalities', TIMESTAMP '1978-05-03', 2, 9);
INSERT INTO Books (book_id, title, publish_date, author_id, publisher_id) VALUES (6, 'Centralized methodical matrix', TIMESTAMP '1978-09-17', 2, 10);
INSERT INTO Books (book_id, title, publish_date, author_id, publisher_id) VALUES (7, 'Devolved bifurcated process improvement', TIMESTAMP '2002-03-07', 3, 3);
INSERT INTO Books (book_id, title, publish_date, author_id, publisher_id) VALUES (8, 'De-engineered multi-state infrastructure', TIMESTAMP '2007-10-30', 3, 3);
INSERT INTO Books (book_id, title, publish_date, author_id, publisher_id) VALUES (9, 'Total background portal', TIMESTAMP '1987-08-08', 3, 7);
INSERT INTO Books (book_id, title, publish_date, author_id, publisher_id) VALUES (10, 'Seamless didactic installation', TIMESTAMP '1990-10-02', 3, 3);
INSERT INTO Books (book_id, title, publish_date, author_id, publisher_id) VALUES (11, 'Upgradable local productivity', TIMESTAMP '1978-04-18', 3, 7);
INSERT INTO Books (book_id, title, publish_date, author_id, publisher_id) VALUES (12, 'Down-sized 5th generation flexibility', TIMESTAMP '1983-03-06', 3, 10);
INSERT INTO Books (book_id, title, publish_date, author_id, publisher_id) VALUES (13, 'Extended impactful flexibility', TIMESTAMP '1997-05-23', 3, 9);
INSERT INTO Books (book_id, title, publish_date, author_id, publisher_id) VALUES (14, 'Stand-alone dedicated migration', TIMESTAMP '1985-06-17', 5, 1);
INSERT INTO Books (book_id, title, publish_date, author_id, publisher_id) VALUES (15, 'Digitized fault-tolerant secured line', TIMESTAMP '1980-09-20', 5, 7);
INSERT INTO Books (book_id, title, publish_date, author_id, publisher_id) VALUES (16, 'Face to face neutral conglomeration', TIMESTAMP '1982-06-05', 5, 5);
INSERT INTO Books (book_id, title, publish_date, author_id, publisher_id) VALUES (17, 'Realigned zero defect throughput', TIMESTAMP '1976-10-11', 6, 9);
INSERT INTO Books (book_id, title, publish_date, author_id, publisher_id) VALUES (18, 'Synergized non-volatile open architecture', TIMESTAMP '2005-09-29', 6, 3);
INSERT INTO Books (book_id, title, publish_date, author_id, publisher_id) VALUES (19, 'Up-sized secondary portal', TIMESTAMP '2000-12-20', 6, 10);
INSERT INTO Books (book_id, title, publish_date, author_id, publisher_id) VALUES (20, 'Front-line 6th generation capacity', TIMESTAMP '1987-11-18', 6, 5);
INSERT INTO Books (book_id, title, publish_date, author_id, publisher_id) VALUES (21, 'Robust optimal algorithm', TIMESTAMP '2008-08-18', 6, 5);
INSERT INTO Books (book_id, title, publish_date, author_id, publisher_id) VALUES (22, 'Profit-focused bi-directional conglomeration', TIMESTAMP '2013-03-12', 6, 6);
INSERT INTO Books (book_id, title, publish_date, author_id, publisher_id) VALUES (23, 'Distributed foreground throughput', TIMESTAMP '1979-05-25', 7, 7);
INSERT INTO Books (book_id, title, publish_date, author_id, publisher_id) VALUES (24, 'Triple-buffered exuding parallelism', TIMESTAMP '1996-07-01', 9, 6);
INSERT INTO Books (book_id, title, publish_date, author_id, publisher_id) VALUES (25, 'User-friendly optimal standardization', TIMESTAMP '2002-07-15', 9, 7);
INSERT INTO Books (book_id, title, publish_date, author_id, publisher_id) VALUES (26, 'Upgradable optimal paradigm', TIMESTAMP '1975-01-13', 9, 9);
INSERT INTO Books (book_id, title, publish_date, author_id, publisher_id) VALUES (27, 'Secured attitude-oriented superstructure', TIMESTAMP '1973-03-02', 9, 1);
INSERT INTO Books (book_id, title, publish_date, author_id, publisher_id) VALUES (28, 'Pre-emptive radical analyzer', TIMESTAMP '2005-08-08', 9, 7);
INSERT INTO Books (book_id, title, publish_date, author_id, publisher_id) VALUES (29, 'Seamless 24/7 capability', TIMESTAMP '1989-04-28', 9, 4);
INSERT INTO Books (book_id, title, publish_date, author_id, publisher_id) VALUES (30, 'Enhanced uniform groupware', TIMESTAMP '2007-10-11', 9, 3);
INSERT INTO Books (book_id, title, publish_date, author_id, publisher_id) VALUES (31, 'Organic responsive ability', TIMESTAMP '1993-04-26', 9, 9);
INSERT INTO Books (book_id, title, publish_date, author_id, publisher_id) VALUES (32, 'Integrated context-sensitive secured line', TIMESTAMP '1992-03-02', 10, 4);
INSERT INTO Books (book_id, title, publish_date, author_id, publisher_id) VALUES (33, 'Sharable non-volatile challenge', TIMESTAMP '1994-09-30', 10, 1);
INSERT INTO Books (book_id, title, publish_date, author_id, publisher_id) VALUES (34, 'User-centric 5th generation time-frame', TIMESTAMP '1997-04-29', 10, 4);
INSERT INTO Books (book_id, title, publish_date, author_id, publisher_id) VALUES (35, 'Switchable needs-based success', TIMESTAMP '1994-03-24', 10, 9);
INSERT INTO Books (book_id, title, publish_date, author_id, publisher_id) VALUES (36, 'Synchronised methodical help-desk', TIMESTAMP '1978-03-22', 10, 8);
INSERT INTO Books (book_id, title, publish_date, author_id, publisher_id) VALUES (37, 'Monitored hybrid open architecture', TIMESTAMP '2001-12-20', 10, 4);
INSERT INTO Books (book_id, title, publish_date, author_id, publisher_id) VALUES (38, 'De-engineered asynchronous methodology', TIMESTAMP '2009-10-25', 10, 7);
INSERT INTO Books (book_id, title, publish_date, author_id, publisher_id) VALUES (39, 'Persevering even-keeled artificial intelligence', TIMESTAMP '1990-04-03', 10, 6);
INSERT INTO Books (book_id, title, publish_date, author_id, publisher_id) VALUES (40, 'Optional intangible function', TIMESTAMP '1997-04-03', 11, 5);
INSERT INTO Books (book_id, title, publish_date, author_id, publisher_id) VALUES (41, 'Innovative user-facing emulation', TIMESTAMP '1981-11-22', 11, 8);
INSERT INTO Books (book_id, title, publish_date, author_id, publisher_id) VALUES (42, 'Switchable content-based focus group', TIMESTAMP '1993-08-25', 11, 4);
INSERT INTO Books (book_id, title, publish_date, author_id, publisher_id) VALUES (43, 'Proactive bifurcated local area network', TIMESTAMP '1986-01-29', 12, 2);
INSERT INTO Books (book_id, title, publish_date, author_id, publisher_id) VALUES (44, 'Persistent mission-critical migration', TIMESTAMP '1970-05-16', 12, 4);
INSERT INTO Books (book_id, title, publish_date, author_id, publisher_id) VALUES (45, 'Balanced 4th generation model', TIMESTAMP '1979-10-05', 12, 10);
INSERT INTO Books (book_id, title, publish_date, author_id, publisher_id) VALUES (46, 'Synergistic attitude-oriented open system', TIMESTAMP '1996-11-28', 12, 10);
INSERT INTO Books (book_id, title, publish_date, author_id, publisher_id) VALUES (47, 'Managed attitude-oriented structure', TIMESTAMP '2001-10-24', 12, 6);
INSERT INTO Books (book_id, title, publish_date, author_id, publisher_id) VALUES (48, 'Stand-alone local database', TIMESTAMP '2005-07-02', 12, 5);
INSERT INTO Books (book_id, title, publish_date, author_id, publisher_id) VALUES (49, 'Function-based systemic model', TIMESTAMP '1990-03-31', 14, 1);
INSERT INTO Books (book_id, title, publish_date, author_id, publisher_id) VALUES (50, 'Virtual system-worthy website', TIMESTAMP '2007-01-02', 14, 4);
INSERT INTO Books (book_id, title, publish_date, author_id, publisher_id) VALUES (51, 'Assimilated web-enabled software', TIMESTAMP '2012-03-18', 14, 4);
INSERT INTO Books (book_id, title, publish_date, author_id, publisher_id) VALUES (52, 'Persistent intermediate task-force', TIMESTAMP '1972-07-23', 14, 1);
INSERT INTO Books (book_id, title, publish_date, author_id, publisher_id) VALUES (53, 'Public-key actuating local area network', TIMESTAMP '2001-04-07', 14, 10);
INSERT INTO Books (book_id, title, publish_date, author_id, publisher_id) VALUES (54, 'Front-line contextually-based ability', TIMESTAMP '1996-08-09', 14, 3);
INSERT INTO Books (book_id, title, publish_date, author_id, publisher_id) VALUES (55, 'Innovative incremental secured line', TIMESTAMP '1992-11-15', 14, 4);
INSERT INTO Books (book_id, title, publish_date, author_id, publisher_id) VALUES (56, 'Proactive transitional core', TIMESTAMP '2013-06-25', 14, 6);
INSERT INTO Books (book_id, title, publish_date, author_id, publisher_id) VALUES (57, 'Profit-focused grid-enabled middleware', TIMESTAMP '2006-11-01', 15, 4);
INSERT INTO Books (book_id, title, publish_date, author_id, publisher_id) VALUES (58, 'Cross-group optimal adapter', TIMESTAMP '1997-04-29', 15, 5);
INSERT INTO Books (book_id, title, publish_date, author_id, publisher_id) VALUES (59, 'Profound methodical parallelism', TIMESTAMP '1997-05-31', 15, 7);
INSERT INTO Books (book_id, title, publish_date, author_id, publisher_id) VALUES (60, 'Ameliorated local strategy', TIMESTAMP '1995-08-08', 15, 9);
INSERT INTO Books (book_id, title, publish_date, author_id, publisher_id) VALUES (61, 'Function-based homogeneous extranet', TIMESTAMP '1992-03-20', 16, 1);
INSERT INTO Books (book_id, title, publish_date, author_id, publisher_id) VALUES (62, 'Self-enabling real-time local area network', TIMESTAMP '2005-08-09', 17, 2);
INSERT INTO Books (book_id, title, publish_date, author_id, publisher_id) VALUES (63, 'Operative context-sensitive archive', TIMESTAMP '2006-05-10', 17, 8);
INSERT INTO Books (book_id, title, publish_date, author_id, publisher_id) VALUES (64, 'User-friendly scalable benchmark', TIMESTAMP '1980-03-16', 17, 6);
INSERT INTO Books (book_id, title, publish_date, author_id, publisher_id) VALUES (65, 'Pre-emptive logistical artificial intelligence', TIMESTAMP '2003-06-13', 17, 2);
INSERT INTO Books (book_id, title, publish_date, author_id, publisher_id) VALUES (66, 'Horizontal multimedia forecast', TIMESTAMP '1987-06-21', 17, 8);
INSERT INTO Books (book_id, title, publish_date, author_id, publisher_id) VALUES (67, 'Total non-volatile groupware', TIMESTAMP '1990-10-06', 17, 9);
INSERT INTO Books (book_id, title, publish_date, author_id, publisher_id) VALUES (68, 'Exclusive local pricing structure', TIMESTAMP '1992-03-01', 19, 4);
INSERT INTO Books (book_id, title, publish_date, author_id, publisher_id) VALUES (69, 'Distributed multimedia structure', TIMESTAMP '1970-03-10', 19, 7);
INSERT INTO Books (book_id, title, publish_date, author_id, publisher_id) VALUES (70, 'Front-line bandwidth-monitored pricing structure', TIMESTAMP '1994-06-04', 19, 7);
INSERT INTO Books (book_id, title, publish_date, author_id, publisher_id) VALUES (71, 'Persevering client-driven application', TIMESTAMP '1996-07-10', 19, 4);
INSERT INTO Books (book_id, title, publish_date, author_id, publisher_id) VALUES (72, 'Visionary explicit archive', TIMESTAMP '2001-04-12', 21, 3);
INSERT INTO Books (book_id, title, publish_date, author_id, publisher_id) VALUES (73, 'Reactive 3rd generation definition', TIMESTAMP '2003-04-19', 21, 7);
INSERT INTO Books (book_id, title, publish_date, author_id, publisher_id) VALUES (74, 'Visionary impactful system engine', TIMESTAMP '1979-11-12', 21, 2);
INSERT INTO Books (book_id, title, publish_date, author_id, publisher_id) VALUES (75, 'Versatile eco-centric installation', TIMESTAMP '1985-08-18', 21, 10);
INSERT INTO Books (book_id, title, publish_date, author_id, publisher_id) VALUES (76, 'Seamless dynamic hub', TIMESTAMP '1972-04-26', 21, 6);
INSERT INTO Books (book_id, title, publish_date, author_id, publisher_id) VALUES (77, 'Devolved value-added service-desk', TIMESTAMP '1981-12-25', 21, 7);
INSERT INTO Books (book_id, title, publish_date, author_id, publisher_id) VALUES (78, 'Intuitive client-server website', TIMESTAMP '2001-10-01', 21, 2);
INSERT INTO Books (book_id, title, publish_date, author_id, publisher_id) VALUES (79, 'Optimized optimizing open system', TIMESTAMP '1997-10-20', 21, 2);
INSERT INTO Books (book_id, title, publish_date, author_id, publisher_id) VALUES (80, 'Assimilated maximized firmware', TIMESTAMP '2005-03-25', 22, 9);
INSERT INTO Books (book_id, title, publish_date, author_id, publisher_id) VALUES (81, 'Advanced bi-directional framework', TIMESTAMP '1995-07-08', 22, 2);
INSERT INTO Books (book_id, title, publish_date, author_id, publisher_id) VALUES (82, 'Face to face modular structure', TIMESTAMP '2000-05-22', 22, 2);
INSERT INTO Books (book_id, title, publish_date, author_id, publisher_id) VALUES (83, 'Synergized uniform moderator', TIMESTAMP '2008-06-18', 22, 9);
INSERT INTO Books (book_id, title, publish_date, author_id, publisher_id) VALUES (84, 'Synergized secondary matrices', TIMESTAMP '1987-12-18', 22, 4);
INSERT INTO Books (book_id, title, publish_date, author_id, publisher_id) VALUES (85, 'Monitored asymmetric strategy', TIMESTAMP '1994-04-07', 23, 6);
INSERT INTO Books (book_id, title, publish_date, author_id, publisher_id) VALUES (86, 'Fundamental multimedia array', TIMESTAMP '2008-11-19', 23, 6);
INSERT INTO Books (book_id, title, publish_date, author_id, publisher_id) VALUES (87, 'Exclusive fresh-thinking customer loyalty', TIMESTAMP '1990-10-03', 23, 4);
INSERT INTO Books (book_id, title, publish_date, author_id, publisher_id) VALUES (88, 'Proactive national algorithm', TIMESTAMP '1994-10-09', 23, 5);
INSERT INTO Books (book_id, title, publish_date, author_id, publisher_id) VALUES (89, 'Ergonomic context-sensitive hub', TIMESTAMP '2001-04-01', 24, 7);
INSERT INTO Books (book_id, title, publish_date, author_id, publisher_id) VALUES (90, 'Compatible composite paradigm', TIMESTAMP '1992-07-04', 24, 7);
INSERT INTO Books (book_id, title, publish_date, author_id, publisher_id) VALUES (91, 'Focused bandwidth-monitored Graphic Interface', TIMESTAMP '1991-06-30', 24, 9);
INSERT INTO Books (book_id, title, publish_date, author_id, publisher_id) VALUES (92, 'Cross-group real-time focus group', TIMESTAMP '2009-03-20', 25, 3);
INSERT INTO Books (book_id, title, publish_date, author_id, publisher_id) VALUES (93, 'Future-proofed system-worthy success', TIMESTAMP '2010-03-02', 25, 8);
INSERT INTO Books (book_id, title, publish_date, author_id, publisher_id) VALUES (94, 'Optional zero defect matrices', TIMESTAMP '1981-06-03', 25, 3);
INSERT INTO Books (book_id, title, publish_date, author_id, publisher_id) VALUES (95, 'Mandatory even-keeled core', TIMESTAMP '1994-10-27', 25, 7);
INSERT INTO Books (book_id, title, publish_date, author_id, publisher_id) VALUES (96, 'Optimized multi-state Graphical User Interface', TIMESTAMP '1993-02-27', 25, 7);
INSERT INTO Books (book_id, title, publish_date, author_id, publisher_id) VALUES (97, 'Multi-tiered maximized methodology', TIMESTAMP '1978-02-12', 25, 8);
INSERT INTO Books (book_id, title, publish_date, author_id, publisher_id) VALUES (98, 'Public-key human-resource installation', TIMESTAMP '2010-02-16', 25, 7);

/* Fees */
INSERT INTO Fees (fee_id, balance) VALUES (1, 489);
INSERT INTO Fees (fee_id, balance) VALUES (2, 184);
INSERT INTO Fees (fee_id, balance) VALUES (3, 76);
INSERT INTO Fees (fee_id, balance) VALUES (4, 392);
INSERT INTO Fees (fee_id, balance) VALUES (5, 326);
INSERT INTO Fees (fee_id, balance) VALUES (6, 483);
INSERT INTO Fees (fee_id, balance) VALUES (7, 477);
INSERT INTO Fees (fee_id, balance) VALUES (8, 140);
INSERT INTO Fees (fee_id, balance) VALUES (9, 291);
INSERT INTO Fees (fee_id, balance) VALUES (10, 495);
INSERT INTO Fees (fee_id, balance) VALUES (11, 274);
INSERT INTO Fees (fee_id, balance) VALUES (12, 84);
INSERT INTO Fees (fee_id, balance) VALUES (13, 397);
INSERT INTO Fees (fee_id, balance) VALUES (14, 402);
INSERT INTO Fees (fee_id, balance) VALUES (15, 287);
INSERT INTO Fees (fee_id, balance) VALUES (16, 281);
INSERT INTO Fees (fee_id, balance) VALUES (17, 50);
INSERT INTO Fees (fee_id, balance) VALUES (18, 114);
INSERT INTO Fees (fee_id, balance) VALUES (19, 5);
INSERT INTO Fees (fee_id, balance) VALUES (20, 224);
INSERT INTO Fees (fee_id, balance) VALUES (21, 246);
INSERT INTO Fees (fee_id, balance) VALUES (22, 20);
INSERT INTO Fees (fee_id, balance) VALUES (23, 491);
INSERT INTO Fees (fee_id, balance) VALUES (24, 242);
INSERT INTO Fees (fee_id, balance) VALUES (25, 223);
INSERT INTO Fees (fee_id, balance) VALUES (26, 291);
INSERT INTO Fees (fee_id, balance) VALUES (27, 112);
INSERT INTO Fees (fee_id, balance) VALUES (28, 124);
INSERT INTO Fees (fee_id, balance) VALUES (29, 379);
INSERT INTO Fees (fee_id, balance) VALUES (30, 242);
INSERT INTO Fees (fee_id, balance) VALUES (31, 496);
INSERT INTO Fees (fee_id, balance) VALUES (32, 405);
INSERT INTO Fees (fee_id, balance) VALUES (33, 350);
INSERT INTO Fees (fee_id, balance) VALUES (34, 389);
INSERT INTO Fees (fee_id, balance) VALUES (35, 112);
INSERT INTO Fees (fee_id, balance) VALUES (36, 450);
INSERT INTO Fees (fee_id, balance) VALUES (37, 147);
INSERT INTO Fees (fee_id, balance) VALUES (38, 13);
INSERT INTO Fees (fee_id, balance) VALUES (39, 466);
INSERT INTO Fees (fee_id, balance) VALUES (40, 418);
INSERT INTO Fees (fee_id, balance) VALUES (41, 341);
INSERT INTO Fees (fee_id, balance) VALUES (42, 488);
INSERT INTO Fees (fee_id, balance) VALUES (43, 261);
INSERT INTO Fees (fee_id, balance) VALUES (44, 297);
INSERT INTO Fees (fee_id, balance) VALUES (45, 193);
INSERT INTO Fees (fee_id, balance) VALUES (46, 322);
INSERT INTO Fees (fee_id, balance) VALUES (47, 113);
INSERT INTO Fees (fee_id, balance) VALUES (48, 243);
INSERT INTO Fees (fee_id, balance) VALUES (49, 434);
INSERT INTO Fees (fee_id, balance) VALUES (50, 352);
INSERT INTO Fees (fee_id, balance) VALUES (51, 401);
INSERT INTO Fees (fee_id, balance) VALUES (52, 273);
INSERT INTO Fees (fee_id, balance) VALUES (53, 340);
INSERT INTO Fees (fee_id, balance) VALUES (54, 92);
INSERT INTO Fees (fee_id, balance) VALUES (55, 77);
INSERT INTO Fees (fee_id, balance) VALUES (56, 187);
INSERT INTO Fees (fee_id, balance) VALUES (57, 66);
INSERT INTO Fees (fee_id, balance) VALUES (58, 312);
INSERT INTO Fees (fee_id, balance) VALUES (59, 159);
INSERT INTO Fees (fee_id, balance) VALUES (60, 468);
INSERT INTO Fees (fee_id, balance) VALUES (61, 6);
INSERT INTO Fees (fee_id, balance) VALUES (62, 100);
INSERT INTO Fees (fee_id, balance) VALUES (63, 411);
INSERT INTO Fees (fee_id, balance) VALUES (64, 482);
INSERT INTO Fees (fee_id, balance) VALUES (65, 254);
INSERT INTO Fees (fee_id, balance) VALUES (66, 296);
INSERT INTO Fees (fee_id, balance) VALUES (67, 207);
INSERT INTO Fees (fee_id, balance) VALUES (68, 271);
INSERT INTO Fees (fee_id, balance) VALUES (69, 62);
INSERT INTO Fees (fee_id, balance) VALUES (70, 277);
INSERT INTO Fees (fee_id, balance) VALUES (71, 456);
INSERT INTO Fees (fee_id, balance) VALUES (72, 348);
INSERT INTO Fees (fee_id, balance) VALUES (73, 114);
INSERT INTO Fees (fee_id, balance) VALUES (74, 360);
INSERT INTO Fees (fee_id, balance) VALUES (75, 385);
INSERT INTO Fees (fee_id, balance) VALUES (76, 226);
INSERT INTO Fees (fee_id, balance) VALUES (77, 324);
INSERT INTO Fees (fee_id, balance) VALUES (78, 492);
INSERT INTO Fees (fee_id, balance) VALUES (79, 4);
INSERT INTO Fees (fee_id, balance) VALUES (80, 444);
INSERT INTO Fees (fee_id, balance) VALUES (81, 18);
INSERT INTO Fees (fee_id, balance) VALUES (82, 489);
INSERT INTO Fees (fee_id, balance) VALUES (83, 385);
INSERT INTO Fees (fee_id, balance) VALUES (84, 497);
INSERT INTO Fees (fee_id, balance) VALUES (85, 231);
INSERT INTO Fees (fee_id, balance) VALUES (86, 452);
INSERT INTO Fees (fee_id, balance) VALUES (87, 282);
INSERT INTO Fees (fee_id, balance) VALUES (88, 210);
INSERT INTO Fees (fee_id, balance) VALUES (89, 390);

/* Rentals */
INSERT INTO Rentals (rental_id, user_id, book_id, due_date, checkout_date, active) VALUES (1, 1, 33, TIMESTAMP '2014-01-03', TIMESTAMP '2013-12-04', 0);
INSERT INTO Rentals (rental_id, user_id, book_id, due_date, checkout_date, active) VALUES (2, 1, 87, TIMESTAMP '2014-05-31', TIMESTAMP '2014-05-01', 0);
INSERT INTO Rentals (rental_id, user_id, book_id, due_date, checkout_date, active) VALUES (3, 1, 19, TIMESTAMP '2014-09-10', TIMESTAMP '2014-08-11', 0);
INSERT INTO Rentals (rental_id, user_id, book_id, due_date, checkout_date, active) VALUES (4, 3, 92, TIMESTAMP '2014-07-08', TIMESTAMP '2014-06-08', 0);
INSERT INTO Rentals (rental_id, user_id, book_id, fee_id, due_date, checkout_date, active) VALUES (5, 3, 13, 1, TIMESTAMP '2014-10-01', TIMESTAMP '2014-09-01', 1);
INSERT INTO Rentals (rental_id, user_id, book_id, due_date, checkout_date, active) VALUES (6, 3, 58, TIMESTAMP '2014-12-30', TIMESTAMP '2014-11-30', 1);
INSERT INTO Rentals (rental_id, user_id, book_id, due_date, checkout_date, active) VALUES (7, 3, 83, TIMESTAMP '2014-08-07', TIMESTAMP '2014-07-08', 0);
INSERT INTO Rentals (rental_id, user_id, book_id, fee_id, due_date, checkout_date, active) VALUES (8, 3, 68, 2, TIMESTAMP '2014-09-17', TIMESTAMP '2014-08-18', 1);
INSERT INTO Rentals (rental_id, user_id, book_id, fee_id, due_date, checkout_date, active) VALUES (9, 3, 47, 3, TIMESTAMP '2014-02-13', TIMESTAMP '2014-01-14', 0);
INSERT INTO Rentals (rental_id, user_id, book_id, due_date, checkout_date, active) VALUES (10, 3, 94, TIMESTAMP '2014-04-18', TIMESTAMP '2014-03-19', 0);
INSERT INTO Rentals (rental_id, user_id, book_id, fee_id, due_date, checkout_date, active) VALUES (11, 3, 77, 4, TIMESTAMP '2014-02-08', TIMESTAMP '2014-01-09', 1);
INSERT INTO Rentals (rental_id, user_id, book_id, fee_id, due_date, checkout_date, active) VALUES (12, 4, 92, 5, TIMESTAMP '2014-03-23', TIMESTAMP '2014-02-21', 1);
INSERT INTO Rentals (rental_id, user_id, book_id, due_date, checkout_date, active) VALUES (13, 4, 88, TIMESTAMP '2014-04-15', TIMESTAMP '2014-03-16', 0);
INSERT INTO Rentals (rental_id, user_id, book_id, due_date, checkout_date, active) VALUES (14, 4, 90, TIMESTAMP '2014-08-07', TIMESTAMP '2014-07-08', 0);
INSERT INTO Rentals (rental_id, user_id, book_id, due_date, checkout_date, active) VALUES (15, 4, 94, TIMESTAMP '2014-07-28', TIMESTAMP '2014-06-28', 0);
INSERT INTO Rentals (rental_id, user_id, book_id, due_date, checkout_date, active) VALUES (16, 4, 60, TIMESTAMP '2014-05-29', TIMESTAMP '2014-04-29', 0);
INSERT INTO Rentals (rental_id, user_id, book_id, due_date, checkout_date, active) VALUES (17, 4, 78, TIMESTAMP '2014-05-31', TIMESTAMP '2014-05-01', 0);
INSERT INTO Rentals (rental_id, user_id, book_id, due_date, checkout_date, active) VALUES (18, 4, 57, TIMESTAMP '2014-12-15', TIMESTAMP '2014-11-15', 0);
INSERT INTO Rentals (rental_id, user_id, book_id, due_date, checkout_date, active) VALUES (19, 4, 43, TIMESTAMP '2014-10-18', TIMESTAMP '2014-09-18', 0);
INSERT INTO Rentals (rental_id, user_id, book_id, fee_id, due_date, checkout_date, active) VALUES (20, 4, 40, 6, TIMESTAMP '2014-07-09', TIMESTAMP '2014-06-09', 0);
INSERT INTO Rentals (rental_id, user_id, book_id, due_date, checkout_date, active) VALUES (21, 5, 96, TIMESTAMP '2014-09-25', TIMESTAMP '2014-08-26', 0);
INSERT INTO Rentals (rental_id, user_id, book_id, due_date, checkout_date, active) VALUES (22, 5, 33, TIMESTAMP '2014-09-06', TIMESTAMP '2014-08-07', 0);
INSERT INTO Rentals (rental_id, user_id, book_id, fee_id, due_date, checkout_date, active) VALUES (23, 5, 21, 7, TIMESTAMP '2014-11-09', TIMESTAMP '2014-10-10', 1);
INSERT INTO Rentals (rental_id, user_id, book_id, due_date, checkout_date, active) VALUES (24, 5, 14, TIMESTAMP '2014-02-07', TIMESTAMP '2014-01-08', 0);
INSERT INTO Rentals (rental_id, user_id, book_id, due_date, checkout_date, active) VALUES (25, 5, 29, TIMESTAMP '2014-12-01', TIMESTAMP '2014-11-01', 0);
INSERT INTO Rentals (rental_id, user_id, book_id, due_date, checkout_date, active) VALUES (26, 5, 78, TIMESTAMP '2014-03-10', TIMESTAMP '2014-02-08', 0);
INSERT INTO Rentals (rental_id, user_id, book_id, fee_id, due_date, checkout_date, active) VALUES (27, 5, 18, 8, TIMESTAMP '2014-05-25', TIMESTAMP '2014-04-25', 1);
INSERT INTO Rentals (rental_id, user_id, book_id, fee_id, due_date, checkout_date, active) VALUES (28, 6, 76, 9, TIMESTAMP '2014-05-05', TIMESTAMP '2014-04-05', 1);
INSERT INTO Rentals (rental_id, user_id, book_id, due_date, checkout_date, active) VALUES (29, 6, 52, TIMESTAMP '2014-12-21', TIMESTAMP '2014-11-21', 0);
INSERT INTO Rentals (rental_id, user_id, book_id, due_date, checkout_date, active) VALUES (30, 6, 70, TIMESTAMP '2014-08-04', TIMESTAMP '2014-07-05', 0);
INSERT INTO Rentals (rental_id, user_id, book_id, due_date, checkout_date, active) VALUES (31, 6, 50, TIMESTAMP '2014-11-29', TIMESTAMP '2014-10-30', 0);
INSERT INTO Rentals (rental_id, user_id, book_id, due_date, checkout_date, active) VALUES (32, 6, 63, TIMESTAMP '2014-02-13', TIMESTAMP '2014-01-14', 0);
INSERT INTO Rentals (rental_id, user_id, book_id, due_date, checkout_date, active) VALUES (33, 6, 51, TIMESTAMP '2014-09-23', TIMESTAMP '2014-08-24', 0);
INSERT INTO Rentals (rental_id, user_id, book_id, due_date, checkout_date, active) VALUES (34, 6, 6, TIMESTAMP '2014-10-03', TIMESTAMP '2014-09-03', 0);
INSERT INTO Rentals (rental_id, user_id, book_id, due_date, checkout_date, active) VALUES (35, 6, 51, TIMESTAMP '2014-05-24', TIMESTAMP '2014-04-24', 0);
INSERT INTO Rentals (rental_id, user_id, book_id, due_date, checkout_date, active) VALUES (36, 7, 25, TIMESTAMP '2014-06-15', TIMESTAMP '2014-05-16', 0);
INSERT INTO Rentals (rental_id, user_id, book_id, due_date, checkout_date, active) VALUES (37, 7, 92, TIMESTAMP '2014-12-07', TIMESTAMP '2014-11-07', 0);
INSERT INTO Rentals (rental_id, user_id, book_id, fee_id, due_date, checkout_date, active) VALUES (38, 7, 98, 10, TIMESTAMP '2014-05-06', TIMESTAMP '2014-04-06', 0);
INSERT INTO Rentals (rental_id, user_id, book_id, fee_id, due_date, checkout_date, active) VALUES (39, 7, 66, 11, TIMESTAMP '2014-11-13', TIMESTAMP '2014-10-14', 0);
INSERT INTO Rentals (rental_id, user_id, book_id, fee_id, due_date, checkout_date, active) VALUES (40, 7, 53, 12, TIMESTAMP '2014-07-20', TIMESTAMP '2014-06-20', 1);
INSERT INTO Rentals (rental_id, user_id, book_id, due_date, checkout_date, active) VALUES (41, 7, 11, TIMESTAMP '2014-08-18', TIMESTAMP '2014-07-19', 0);
INSERT INTO Rentals (rental_id, user_id, book_id, fee_id, due_date, checkout_date, active) VALUES (42, 7, 36, 13, TIMESTAMP '2014-10-13', TIMESTAMP '2014-09-13', 1);
INSERT INTO Rentals (rental_id, user_id, book_id, due_date, checkout_date, active) VALUES (43, 7, 79, TIMESTAMP '2014-04-23', TIMESTAMP '2014-03-24', 0);
INSERT INTO Rentals (rental_id, user_id, book_id, fee_id, due_date, checkout_date, active) VALUES (44, 9, 39, 14, TIMESTAMP '2014-01-01', TIMESTAMP '2013-12-02', 0);
INSERT INTO Rentals (rental_id, user_id, book_id, due_date, checkout_date, active) VALUES (45, 10, 58, TIMESTAMP '2014-01-02', TIMESTAMP '2013-12-03', 0);
INSERT INTO Rentals (rental_id, user_id, book_id, due_date, checkout_date, active) VALUES (46, 10, 81, TIMESTAMP '2014-03-15', TIMESTAMP '2014-02-13', 0);
INSERT INTO Rentals (rental_id, user_id, book_id, fee_id, due_date, checkout_date, active) VALUES (47, 10, 13, 15, TIMESTAMP '2014-08-01', TIMESTAMP '2014-07-02', 0);
INSERT INTO Rentals (rental_id, user_id, book_id, fee_id, due_date, checkout_date, active) VALUES (48, 10, 23, 16, TIMESTAMP '2014-09-06', TIMESTAMP '2014-08-07', 1);
INSERT INTO Rentals (rental_id, user_id, book_id, due_date, checkout_date, active) VALUES (49, 10, 28, TIMESTAMP '2014-06-27', TIMESTAMP '2014-05-28', 0);
INSERT INTO Rentals (rental_id, user_id, book_id, fee_id, due_date, checkout_date, active) VALUES (50, 10, 37, 17, TIMESTAMP '2014-03-20', TIMESTAMP '2014-02-17', 1);
INSERT INTO Rentals (rental_id, user_id, book_id, fee_id, due_date, checkout_date, active) VALUES (51, 10, 57, 18, TIMESTAMP '2014-01-24', TIMESTAMP '2013-12-25', 1);
INSERT INTO Rentals (rental_id, user_id, book_id, fee_id, due_date, checkout_date, active) VALUES (52, 11, 10, 19, TIMESTAMP '2014-07-30', TIMESTAMP '2014-06-30', 1);
INSERT INTO Rentals (rental_id, user_id, book_id, fee_id, due_date, checkout_date, active) VALUES (53, 11, 42, 20, TIMESTAMP '2014-09-17', TIMESTAMP '2014-08-18', 0);
INSERT INTO Rentals (rental_id, user_id, book_id, fee_id, due_date, checkout_date, active) VALUES (54, 11, 87, 21, TIMESTAMP '2014-08-01', TIMESTAMP '2014-07-02', 0);
INSERT INTO Rentals (rental_id, user_id, book_id, fee_id, due_date, checkout_date, active) VALUES (55, 11, 30, 22, TIMESTAMP '2014-03-15', TIMESTAMP '2014-02-13', 1);
INSERT INTO Rentals (rental_id, user_id, book_id, due_date, checkout_date, active) VALUES (56, 11, 31, TIMESTAMP '2014-01-26', TIMESTAMP '2013-12-27', 0);
INSERT INTO Rentals (rental_id, user_id, book_id, due_date, checkout_date, active) VALUES (57, 11, 34, TIMESTAMP '2014-09-02', TIMESTAMP '2014-08-03', 0);
INSERT INTO Rentals (rental_id, user_id, book_id, due_date, checkout_date, active) VALUES (58, 12, 11, TIMESTAMP '2014-07-01', TIMESTAMP '2014-06-01', 0);
INSERT INTO Rentals (rental_id, user_id, book_id, fee_id, due_date, checkout_date, active) VALUES (59, 12, 18, 23, TIMESTAMP '2014-01-23', TIMESTAMP '2013-12-24', 1);
INSERT INTO Rentals (rental_id, user_id, book_id, fee_id, due_date, checkout_date, active) VALUES (60, 13, 17, 24, TIMESTAMP '2014-04-13', TIMESTAMP '2014-03-14', 0);
INSERT INTO Rentals (rental_id, user_id, book_id, due_date, checkout_date, active) VALUES (61, 13, 48, TIMESTAMP '2014-10-09', TIMESTAMP '2014-09-09', 0);
INSERT INTO Rentals (rental_id, user_id, book_id, fee_id, due_date, checkout_date, active) VALUES (62, 13, 61, 25, TIMESTAMP '2014-03-01', TIMESTAMP '2014-01-30', 0);
INSERT INTO Rentals (rental_id, user_id, book_id, fee_id, due_date, checkout_date, active) VALUES (63, 13, 97, 26, TIMESTAMP '2014-07-14', TIMESTAMP '2014-06-14', 0);
INSERT INTO Rentals (rental_id, user_id, book_id, fee_id, due_date, checkout_date, active) VALUES (64, 13, 93, 27, TIMESTAMP '2014-05-12', TIMESTAMP '2014-04-12', 0);
INSERT INTO Rentals (rental_id, user_id, book_id, due_date, checkout_date, active) VALUES (65, 14, 52, TIMESTAMP '2014-08-17', TIMESTAMP '2014-07-18', 0);
INSERT INTO Rentals (rental_id, user_id, book_id, due_date, checkout_date, active) VALUES (66, 14, 9, TIMESTAMP '2014-08-07', TIMESTAMP '2014-07-08', 0);
INSERT INTO Rentals (rental_id, user_id, book_id, fee_id, due_date, checkout_date, active) VALUES (67, 14, 47, 28, TIMESTAMP '2014-10-08', TIMESTAMP '2014-09-08', 0);
INSERT INTO Rentals (rental_id, user_id, book_id, due_date, checkout_date, active) VALUES (68, 14, 86, TIMESTAMP '2014-06-29', TIMESTAMP '2014-05-30', 0);
INSERT INTO Rentals (rental_id, user_id, book_id, due_date, checkout_date, active) VALUES (69, 14, 4, TIMESTAMP '2014-06-18', TIMESTAMP '2014-05-19', 0);
INSERT INTO Rentals (rental_id, user_id, book_id, fee_id, due_date, checkout_date, active) VALUES (70, 14, 45, 29, TIMESTAMP '2014-11-11', TIMESTAMP '2014-10-12', 1);
INSERT INTO Rentals (rental_id, user_id, book_id, due_date, checkout_date, active) VALUES (71, 15, 90, TIMESTAMP '2014-04-04', TIMESTAMP '2014-03-05', 0);
INSERT INTO Rentals (rental_id, user_id, book_id, due_date, checkout_date, active) VALUES (72, 15, 58, TIMESTAMP '2014-04-21', TIMESTAMP '2014-03-22', 0);
INSERT INTO Rentals (rental_id, user_id, book_id, fee_id, due_date, checkout_date, active) VALUES (73, 15, 91, 30, TIMESTAMP '2014-07-23', TIMESTAMP '2014-06-23', 1);
INSERT INTO Rentals (rental_id, user_id, book_id, due_date, checkout_date, active) VALUES (74, 15, 7, TIMESTAMP '2014-09-11', TIMESTAMP '2014-08-12', 0);
INSERT INTO Rentals (rental_id, user_id, book_id, due_date, checkout_date, active) VALUES (75, 15, 35, TIMESTAMP '2014-06-19', TIMESTAMP '2014-05-20', 0);
INSERT INTO Rentals (rental_id, user_id, book_id, due_date, checkout_date, active) VALUES (76, 15, 66, TIMESTAMP '2014-08-31', TIMESTAMP '2014-08-01', 0);
INSERT INTO Rentals (rental_id, user_id, book_id, due_date, checkout_date, active) VALUES (77, 16, 5, TIMESTAMP '2014-10-21', TIMESTAMP '2014-09-21', 0);
INSERT INTO Rentals (rental_id, user_id, book_id, fee_id, due_date, checkout_date, active) VALUES (78, 16, 94, 31, TIMESTAMP '2014-03-09', TIMESTAMP '2014-02-07', 1);
INSERT INTO Rentals (rental_id, user_id, book_id, due_date, checkout_date, active) VALUES (79, 16, 72, TIMESTAMP '2014-11-09', TIMESTAMP '2014-10-10', 0);
INSERT INTO Rentals (rental_id, user_id, book_id, fee_id, due_date, checkout_date, active) VALUES (80, 16, 98, 32, TIMESTAMP '2014-03-15', TIMESTAMP '2014-02-13', 1);
INSERT INTO Rentals (rental_id, user_id, book_id, due_date, checkout_date, active) VALUES (81, 16, 10, TIMESTAMP '2014-12-28', TIMESTAMP '2014-11-28', 0);
INSERT INTO Rentals (rental_id, user_id, book_id, due_date, checkout_date, active) VALUES (82, 16, 36, TIMESTAMP '2014-10-02', TIMESTAMP '2014-09-02', 0);
INSERT INTO Rentals (rental_id, user_id, book_id, due_date, checkout_date, active) VALUES (83, 16, 48, TIMESTAMP '2014-07-10', TIMESTAMP '2014-06-10', 0);
INSERT INTO Rentals (rental_id, user_id, book_id, due_date, checkout_date, active) VALUES (84, 16, 96, TIMESTAMP '2014-08-11', TIMESTAMP '2014-07-12', 0);
INSERT INTO Rentals (rental_id, user_id, book_id, due_date, checkout_date, active) VALUES (85, 17, 40, TIMESTAMP '2014-05-20', TIMESTAMP '2014-04-20', 0);
INSERT INTO Rentals (rental_id, user_id, book_id, due_date, checkout_date, active) VALUES (86, 17, 78, TIMESTAMP '2014-05-24', TIMESTAMP '2014-04-24', 0);
INSERT INTO Rentals (rental_id, user_id, book_id, due_date, checkout_date, active) VALUES (87, 17, 63, TIMESTAMP '2014-01-19', TIMESTAMP '2013-12-20', 0);
INSERT INTO Rentals (rental_id, user_id, book_id, fee_id, due_date, checkout_date, active) VALUES (88, 17, 95, 33, TIMESTAMP '2014-06-24', TIMESTAMP '2014-05-25', 0);
INSERT INTO Rentals (rental_id, user_id, book_id, due_date, checkout_date, active) VALUES (89, 17, 30, TIMESTAMP '2014-10-20', TIMESTAMP '2014-09-20', 0);
INSERT INTO Rentals (rental_id, user_id, book_id, fee_id, due_date, checkout_date, active) VALUES (90, 17, 27, 34, TIMESTAMP '2014-10-18', TIMESTAMP '2014-09-18', 0);
INSERT INTO Rentals (rental_id, user_id, book_id, fee_id, due_date, checkout_date, active) VALUES (91, 17, 88, 35, TIMESTAMP '2014-05-11', TIMESTAMP '2014-04-11', 0);
INSERT INTO Rentals (rental_id, user_id, book_id, fee_id, due_date, checkout_date, active) VALUES (92, 17, 60, 36, TIMESTAMP '2014-08-22', TIMESTAMP '2014-07-23', 1);
INSERT INTO Rentals (rental_id, user_id, book_id, due_date, checkout_date, active) VALUES (93, 17, 53, TIMESTAMP '2014-05-04', TIMESTAMP '2014-04-04', 0);
INSERT INTO Rentals (rental_id, user_id, book_id, fee_id, due_date, checkout_date, active) VALUES (94, 17, 68, 37, TIMESTAMP '2014-01-12', TIMESTAMP '2013-12-13', 1);
INSERT INTO Rentals (rental_id, user_id, book_id, fee_id, due_date, checkout_date, active) VALUES (95, 18, 47, 38, TIMESTAMP '2014-01-21', TIMESTAMP '2013-12-22', 0);
INSERT INTO Rentals (rental_id, user_id, book_id, fee_id, due_date, checkout_date, active) VALUES (96, 18, 26, 39, TIMESTAMP '2014-05-21', TIMESTAMP '2014-04-21', 1);
INSERT INTO Rentals (rental_id, user_id, book_id, fee_id, due_date, checkout_date, active) VALUES (97, 18, 92, 40, TIMESTAMP '2014-01-26', TIMESTAMP '2013-12-27', 1);
INSERT INTO Rentals (rental_id, user_id, book_id, due_date, checkout_date, active) VALUES (98, 18, 17, TIMESTAMP '2014-11-26', TIMESTAMP '2014-10-27', 0);
INSERT INTO Rentals (rental_id, user_id, book_id, fee_id, due_date, checkout_date, active) VALUES (99, 18, 80, 41, TIMESTAMP '2014-08-07', TIMESTAMP '2014-07-08', 1);
INSERT INTO Rentals (rental_id, user_id, book_id, due_date, checkout_date, active) VALUES (100, 18, 87, TIMESTAMP '2014-12-28', TIMESTAMP '2014-11-28', 1);
INSERT INTO Rentals (rental_id, user_id, book_id, fee_id, due_date, checkout_date, active) VALUES (101, 18, 23, 42, TIMESTAMP '2014-09-26', TIMESTAMP '2014-08-27', 1);
INSERT INTO Rentals (rental_id, user_id, book_id, due_date, checkout_date, active) VALUES (102, 18, 53, TIMESTAMP '2014-10-07', TIMESTAMP '2014-09-07', 0);
INSERT INTO Rentals (rental_id, user_id, book_id, due_date, checkout_date, active) VALUES (103, 18, 92, TIMESTAMP '2014-07-28', TIMESTAMP '2014-06-28', 0);
INSERT INTO Rentals (rental_id, user_id, book_id, fee_id, due_date, checkout_date, active) VALUES (104, 18, 48, 43, TIMESTAMP '2014-09-05', TIMESTAMP '2014-08-06', 0);
INSERT INTO Rentals (rental_id, user_id, book_id, fee_id, due_date, checkout_date, active) VALUES (105, 19, 95, 44, TIMESTAMP '2014-03-23', TIMESTAMP '2014-02-21', 1);
INSERT INTO Rentals (rental_id, user_id, book_id, fee_id, due_date, checkout_date, active) VALUES (106, 19, 25, 45, TIMESTAMP '2014-09-26', TIMESTAMP '2014-08-27', 1);
INSERT INTO Rentals (rental_id, user_id, book_id, due_date, checkout_date, active) VALUES (107, 19, 22, TIMESTAMP '2014-06-11', TIMESTAMP '2014-05-12', 0);
INSERT INTO Rentals (rental_id, user_id, book_id, due_date, checkout_date, active) VALUES (108, 19, 89, TIMESTAMP '2014-11-01', TIMESTAMP '2014-10-02', 0);
INSERT INTO Rentals (rental_id, user_id, book_id, due_date, checkout_date, active) VALUES (109, 19, 53, TIMESTAMP '2014-03-13', TIMESTAMP '2014-02-11', 0);
INSERT INTO Rentals (rental_id, user_id, book_id, fee_id, due_date, checkout_date, active) VALUES (110, 19, 70, 46, TIMESTAMP '2014-04-11', TIMESTAMP '2014-03-12', 0);
INSERT INTO Rentals (rental_id, user_id, book_id, fee_id, due_date, checkout_date, active) VALUES (111, 19, 45, 47, TIMESTAMP '2014-01-22', TIMESTAMP '2013-12-23', 1);
INSERT INTO Rentals (rental_id, user_id, book_id, due_date, checkout_date, active) VALUES (112, 19, 23, TIMESTAMP '2014-02-23', TIMESTAMP '2014-01-24', 0);
INSERT INTO Rentals (rental_id, user_id, book_id, due_date, checkout_date, active) VALUES (113, 20, 68, TIMESTAMP '2014-02-27', TIMESTAMP '2014-01-28', 0);
INSERT INTO Rentals (rental_id, user_id, book_id, due_date, checkout_date, active) VALUES (114, 20, 9, TIMESTAMP '2014-07-07', TIMESTAMP '2014-06-07', 0);
INSERT INTO Rentals (rental_id, user_id, book_id, fee_id, due_date, checkout_date, active) VALUES (115, 20, 26, 48, TIMESTAMP '2014-01-04', TIMESTAMP '2013-12-05', 1);
INSERT INTO Rentals (rental_id, user_id, book_id, due_date, checkout_date, active) VALUES (116, 20, 34, TIMESTAMP '2014-12-03', TIMESTAMP '2014-11-03', 0);
INSERT INTO Rentals (rental_id, user_id, book_id, due_date, checkout_date, active) VALUES (117, 20, 4, TIMESTAMP '2014-06-04', TIMESTAMP '2014-05-05', 0);
INSERT INTO Rentals (rental_id, user_id, book_id, fee_id, due_date, checkout_date, active) VALUES (118, 20, 25, 49, TIMESTAMP '2014-06-23', TIMESTAMP '2014-05-24', 1);
INSERT INTO Rentals (rental_id, user_id, book_id, due_date, checkout_date, active) VALUES (119, 20, 22, TIMESTAMP '2014-02-18', TIMESTAMP '2014-01-19', 0);
INSERT INTO Rentals (rental_id, user_id, book_id, due_date, checkout_date, active) VALUES (120, 20, 23, TIMESTAMP '2014-10-13', TIMESTAMP '2014-09-13', 0);
INSERT INTO Rentals (rental_id, user_id, book_id, fee_id, due_date, checkout_date, active) VALUES (121, 20, 69, 50, TIMESTAMP '2014-05-20', TIMESTAMP '2014-04-20', 0);
INSERT INTO Rentals (rental_id, user_id, book_id, due_date, checkout_date, active) VALUES (122, 20, 39, TIMESTAMP '2014-06-27', TIMESTAMP '2014-05-28', 0);
INSERT INTO Rentals (rental_id, user_id, book_id, due_date, checkout_date, active) VALUES (123, 21, 17, TIMESTAMP '2014-02-25', TIMESTAMP '2014-01-26', 0);
INSERT INTO Rentals (rental_id, user_id, book_id, due_date, checkout_date, active) VALUES (124, 21, 90, TIMESTAMP '2014-09-23', TIMESTAMP '2014-08-24', 0);
INSERT INTO Rentals (rental_id, user_id, book_id, fee_id, due_date, checkout_date, active) VALUES (125, 21, 51, 51, TIMESTAMP '2014-04-22', TIMESTAMP '2014-03-23', 1);
INSERT INTO Rentals (rental_id, user_id, book_id, due_date, checkout_date, active) VALUES (126, 21, 35, TIMESTAMP '2014-07-29', TIMESTAMP '2014-06-29', 0);
INSERT INTO Rentals (rental_id, user_id, book_id, due_date, checkout_date, active) VALUES (127, 21, 50, TIMESTAMP '2014-11-20', TIMESTAMP '2014-10-21', 0);
INSERT INTO Rentals (rental_id, user_id, book_id, due_date, checkout_date, active) VALUES (128, 22, 30, TIMESTAMP '2014-10-08', TIMESTAMP '2014-09-08', 0);
INSERT INTO Rentals (rental_id, user_id, book_id, fee_id, due_date, checkout_date, active) VALUES (129, 22, 35, 52, TIMESTAMP '2014-03-26', TIMESTAMP '2014-02-24', 1);
INSERT INTO Rentals (rental_id, user_id, book_id, fee_id, due_date, checkout_date, active) VALUES (130, 22, 79, 53, TIMESTAMP '2014-02-16', TIMESTAMP '2014-01-17', 1);
INSERT INTO Rentals (rental_id, user_id, book_id, due_date, checkout_date, active) VALUES (131, 22, 28, TIMESTAMP '2014-11-28', TIMESTAMP '2014-10-29', 0);
INSERT INTO Rentals (rental_id, user_id, book_id, fee_id, due_date, checkout_date, active) VALUES (132, 22, 9, 54, TIMESTAMP '2014-01-23', TIMESTAMP '2013-12-24', 1);
INSERT INTO Rentals (rental_id, user_id, book_id, due_date, checkout_date, active) VALUES (133, 22, 69, TIMESTAMP '2014-06-13', TIMESTAMP '2014-05-14', 0);
INSERT INTO Rentals (rental_id, user_id, book_id, due_date, checkout_date, active) VALUES (134, 22, 60, TIMESTAMP '2014-12-16', TIMESTAMP '2014-11-16', 0);
INSERT INTO Rentals (rental_id, user_id, book_id, fee_id, due_date, checkout_date, active) VALUES (135, 22, 27, 55, TIMESTAMP '2014-08-23', TIMESTAMP '2014-07-24', 0);
INSERT INTO Rentals (rental_id, user_id, book_id, fee_id, due_date, checkout_date, active) VALUES (136, 22, 92, 56, TIMESTAMP '2014-11-24', TIMESTAMP '2014-10-25', 1);
INSERT INTO Rentals (rental_id, user_id, book_id, due_date, checkout_date, active) VALUES (137, 22, 16, TIMESTAMP '2014-12-19', TIMESTAMP '2014-11-19', 1);
INSERT INTO Rentals (rental_id, user_id, book_id, due_date, checkout_date, active) VALUES (138, 24, 38, TIMESTAMP '2014-11-09', TIMESTAMP '2014-10-10', 0);
INSERT INTO Rentals (rental_id, user_id, book_id, fee_id, due_date, checkout_date, active) VALUES (139, 24, 76, 57, TIMESTAMP '2014-09-20', TIMESTAMP '2014-08-21', 1);
INSERT INTO Rentals (rental_id, user_id, book_id, due_date, checkout_date, active) VALUES (140, 24, 81, TIMESTAMP '2014-10-25', TIMESTAMP '2014-09-25', 0);
INSERT INTO Rentals (rental_id, user_id, book_id, fee_id, due_date, checkout_date, active) VALUES (141, 24, 1, 58, TIMESTAMP '2014-04-12', TIMESTAMP '2014-03-13', 1);
INSERT INTO Rentals (rental_id, user_id, book_id, due_date, checkout_date, active) VALUES (142, 24, 77, TIMESTAMP '2014-03-20', TIMESTAMP '2014-02-18', 0);
INSERT INTO Rentals (rental_id, user_id, book_id, due_date, checkout_date, active) VALUES (143, 25, 79, TIMESTAMP '2014-01-29', TIMESTAMP '2013-12-30', 0);
INSERT INTO Rentals (rental_id, user_id, book_id, fee_id, due_date, checkout_date, active) VALUES (144, 25, 87, 59, TIMESTAMP '2014-04-01', TIMESTAMP '2014-03-02', 1);
INSERT INTO Rentals (rental_id, user_id, book_id, due_date, checkout_date, active) VALUES (145, 25, 68, TIMESTAMP '2014-12-14', TIMESTAMP '2014-11-14', 1);
INSERT INTO Rentals (rental_id, user_id, book_id, due_date, checkout_date, active) VALUES (146, 25, 88, TIMESTAMP '2014-03-10', TIMESTAMP '2014-02-08', 0);
INSERT INTO Rentals (rental_id, user_id, book_id, fee_id, due_date, checkout_date, active) VALUES (147, 25, 84, 60, TIMESTAMP '2014-05-17', TIMESTAMP '2014-04-17', 0);
INSERT INTO Rentals (rental_id, user_id, book_id, due_date, checkout_date, active) VALUES (148, 25, 34, TIMESTAMP '2014-11-23', TIMESTAMP '2014-10-24', 0);
INSERT INTO Rentals (rental_id, user_id, book_id, due_date, checkout_date, active) VALUES (149, 25, 67, TIMESTAMP '2014-08-23', TIMESTAMP '2014-07-24', 0);
INSERT INTO Rentals (rental_id, user_id, book_id, fee_id, due_date, checkout_date, active) VALUES (150, 25, 61, 61, TIMESTAMP '2014-07-13', TIMESTAMP '2014-06-13', 1);
INSERT INTO Rentals (rental_id, user_id, book_id, fee_id, due_date, checkout_date, active) VALUES (151, 25, 19, 62, TIMESTAMP '2014-10-03', TIMESTAMP '2014-09-03', 1);
INSERT INTO Rentals (rental_id, user_id, book_id, fee_id, due_date, checkout_date, active) VALUES (152, 25, 31, 63, TIMESTAMP '2014-09-27', TIMESTAMP '2014-08-28', 1);
INSERT INTO Rentals (rental_id, user_id, book_id, fee_id, due_date, checkout_date, active) VALUES (153, 26, 34, 64, TIMESTAMP '2014-02-13', TIMESTAMP '2014-01-14', 0);
INSERT INTO Rentals (rental_id, user_id, book_id, fee_id, due_date, checkout_date, active) VALUES (154, 26, 75, 65, TIMESTAMP '2014-04-27', TIMESTAMP '2014-03-28', 0);
INSERT INTO Rentals (rental_id, user_id, book_id, due_date, checkout_date, active) VALUES (155, 26, 79, TIMESTAMP '2014-03-18', TIMESTAMP '2014-02-16', 0);
INSERT INTO Rentals (rental_id, user_id, book_id, due_date, checkout_date, active) VALUES (156, 26, 55, TIMESTAMP '2014-04-01', TIMESTAMP '2014-03-01', 0);
INSERT INTO Rentals (rental_id, user_id, book_id, due_date, checkout_date, active) VALUES (157, 26, 20, TIMESTAMP '2014-06-10', TIMESTAMP '2014-05-11', 0);
INSERT INTO Rentals (rental_id, user_id, book_id, due_date, checkout_date, active) VALUES (158, 26, 22, TIMESTAMP '2014-12-25', TIMESTAMP '2014-11-25', 1);
INSERT INTO Rentals (rental_id, user_id, book_id, fee_id, due_date, checkout_date, active) VALUES (159, 26, 15, 66, TIMESTAMP '2014-10-08', TIMESTAMP '2014-09-08', 1);
INSERT INTO Rentals (rental_id, user_id, book_id, due_date, checkout_date, active) VALUES (160, 26, 31, TIMESTAMP '2014-11-12', TIMESTAMP '2014-10-13', 0);
INSERT INTO Rentals (rental_id, user_id, book_id, fee_id, due_date, checkout_date, active) VALUES (161, 27, 37, 67, TIMESTAMP '2014-06-16', TIMESTAMP '2014-05-17', 0);
INSERT INTO Rentals (rental_id, user_id, book_id, due_date, checkout_date, active) VALUES (162, 27, 39, TIMESTAMP '2014-08-19', TIMESTAMP '2014-07-20', 0);
INSERT INTO Rentals (rental_id, user_id, book_id, due_date, checkout_date, active) VALUES (163, 27, 69, TIMESTAMP '2014-05-03', TIMESTAMP '2014-04-03', 0);
INSERT INTO Rentals (rental_id, user_id, book_id, due_date, checkout_date, active) VALUES (164, 27, 46, TIMESTAMP '2014-12-21', TIMESTAMP '2014-11-21', 0);
INSERT INTO Rentals (rental_id, user_id, book_id, due_date, checkout_date, active) VALUES (165, 27, 85, TIMESTAMP '2014-08-19', TIMESTAMP '2014-07-20', 0);
INSERT INTO Rentals (rental_id, user_id, book_id, due_date, checkout_date, active) VALUES (166, 27, 51, TIMESTAMP '2014-10-01', TIMESTAMP '2014-09-01', 0);
INSERT INTO Rentals (rental_id, user_id, book_id, fee_id, due_date, checkout_date, active) VALUES (167, 27, 33, 68, TIMESTAMP '2014-04-15', TIMESTAMP '2014-03-16', 1);
INSERT INTO Rentals (rental_id, user_id, book_id, fee_id, due_date, checkout_date, active) VALUES (168, 28, 7, 69, TIMESTAMP '2014-04-03', TIMESTAMP '2014-03-04', 1);
INSERT INTO Rentals (rental_id, user_id, book_id, due_date, checkout_date, active) VALUES (169, 28, 21, TIMESTAMP '2014-04-25', TIMESTAMP '2014-03-26', 0);
INSERT INTO Rentals (rental_id, user_id, book_id, fee_id, due_date, checkout_date, active) VALUES (170, 28, 53, 70, TIMESTAMP '2014-04-12', TIMESTAMP '2014-03-13', 1);
INSERT INTO Rentals (rental_id, user_id, book_id, due_date, checkout_date, active) VALUES (171, 28, 36, TIMESTAMP '2014-11-22', TIMESTAMP '2014-10-23', 0);
INSERT INTO Rentals (rental_id, user_id, book_id, due_date, checkout_date, active) VALUES (172, 28, 39, TIMESTAMP '2014-07-13', TIMESTAMP '2014-06-13', 0);
INSERT INTO Rentals (rental_id, user_id, book_id, fee_id, due_date, checkout_date, active) VALUES (173, 28, 87, 71, TIMESTAMP '2014-06-03', TIMESTAMP '2014-05-04', 1);
INSERT INTO Rentals (rental_id, user_id, book_id, fee_id, due_date, checkout_date, active) VALUES (174, 28, 76, 72, TIMESTAMP '2014-07-15', TIMESTAMP '2014-06-15', 0);
INSERT INTO Rentals (rental_id, user_id, book_id, fee_id, due_date, checkout_date, active) VALUES (175, 28, 1, 73, TIMESTAMP '2014-02-12', TIMESTAMP '2014-01-13', 0);
INSERT INTO Rentals (rental_id, user_id, book_id, due_date, checkout_date, active) VALUES (176, 28, 32, TIMESTAMP '2014-07-28', TIMESTAMP '2014-06-28', 0);
INSERT INTO Rentals (rental_id, user_id, book_id, fee_id, due_date, checkout_date, active) VALUES (177, 29, 17, 74, TIMESTAMP '2014-02-11', TIMESTAMP '2014-01-12', 1);
INSERT INTO Rentals (rental_id, user_id, book_id, due_date, checkout_date, active) VALUES (178, 29, 94, TIMESTAMP '2014-01-31', TIMESTAMP '2014-01-01', 0);
INSERT INTO Rentals (rental_id, user_id, book_id, due_date, checkout_date, active) VALUES (179, 29, 62, TIMESTAMP '2014-01-19', TIMESTAMP '2013-12-20', 0);
INSERT INTO Rentals (rental_id, user_id, book_id, due_date, checkout_date, active) VALUES (180, 29, 22, TIMESTAMP '2014-02-06', TIMESTAMP '2014-01-07', 0);
INSERT INTO Rentals (rental_id, user_id, book_id, fee_id, due_date, checkout_date, active) VALUES (181, 29, 73, 75, TIMESTAMP '2014-09-03', TIMESTAMP '2014-08-04', 1);
INSERT INTO Rentals (rental_id, user_id, book_id, fee_id, due_date, checkout_date, active) VALUES (182, 30, 64, 76, TIMESTAMP '2014-06-03', TIMESTAMP '2014-05-04', 0);
INSERT INTO Rentals (rental_id, user_id, book_id, fee_id, due_date, checkout_date, active) VALUES (183, 30, 86, 77, TIMESTAMP '2014-02-28', TIMESTAMP '2014-01-29', 0);
INSERT INTO Rentals (rental_id, user_id, book_id, due_date, checkout_date, active) VALUES (184, 30, 78, TIMESTAMP '2014-01-15', TIMESTAMP '2013-12-16', 0);
INSERT INTO Rentals (rental_id, user_id, book_id, fee_id, due_date, checkout_date, active) VALUES (185, 30, 37, 78, TIMESTAMP '2014-01-29', TIMESTAMP '2013-12-30', 1);
INSERT INTO Rentals (rental_id, user_id, book_id, fee_id, due_date, checkout_date, active) VALUES (186, 30, 89, 79, TIMESTAMP '2014-05-28', TIMESTAMP '2014-04-28', 1);
INSERT INTO Rentals (rental_id, user_id, book_id, fee_id, due_date, checkout_date, active) VALUES (187, 30, 85, 80, TIMESTAMP '2014-05-09', TIMESTAMP '2014-04-09', 1);
INSERT INTO Rentals (rental_id, user_id, book_id, due_date, checkout_date, active) VALUES (188, 30, 23, TIMESTAMP '2014-08-21', TIMESTAMP '2014-07-22', 0);
INSERT INTO Rentals (rental_id, user_id, book_id, due_date, checkout_date, active) VALUES (189, 30, 2, TIMESTAMP '2014-03-30', TIMESTAMP '2014-02-28', 0);
INSERT INTO Rentals (rental_id, user_id, book_id, due_date, checkout_date, active) VALUES (190, 31, 94, TIMESTAMP '2014-02-21', TIMESTAMP '2014-01-22', 0);
INSERT INTO Rentals (rental_id, user_id, book_id, fee_id, due_date, checkout_date, active) VALUES (191, 31, 51, 81, TIMESTAMP '2014-04-13', TIMESTAMP '2014-03-14', 0);
INSERT INTO Rentals (rental_id, user_id, book_id, due_date, checkout_date, active) VALUES (192, 31, 61, TIMESTAMP '2014-12-13', TIMESTAMP '2014-11-13', 1);
INSERT INTO Rentals (rental_id, user_id, book_id, fee_id, due_date, checkout_date, active) VALUES (193, 31, 89, 82, TIMESTAMP '2014-08-04', TIMESTAMP '2014-07-05', 1);
INSERT INTO Rentals (rental_id, user_id, book_id, fee_id, due_date, checkout_date, active) VALUES (194, 31, 32, 83, TIMESTAMP '2014-10-12', TIMESTAMP '2014-09-12', 1);
INSERT INTO Rentals (rental_id, user_id, book_id, due_date, checkout_date, active) VALUES (195, 31, 66, TIMESTAMP '2014-12-03', TIMESTAMP '2014-11-03', 1);
INSERT INTO Rentals (rental_id, user_id, book_id, fee_id, due_date, checkout_date, active) VALUES (196, 31, 55, 84, TIMESTAMP '2014-08-05', TIMESTAMP '2014-07-06', 0);
INSERT INTO Rentals (rental_id, user_id, book_id, fee_id, due_date, checkout_date, active) VALUES (197, 32, 55, 85, TIMESTAMP '2014-07-16', TIMESTAMP '2014-06-16', 0);
INSERT INTO Rentals (rental_id, user_id, book_id, fee_id, due_date, checkout_date, active) VALUES (198, 33, 74, 86, TIMESTAMP '2014-06-17', TIMESTAMP '2014-05-18', 1);
INSERT INTO Rentals (rental_id, user_id, book_id, due_date, checkout_date, active) VALUES (199, 33, 50, TIMESTAMP '2014-08-24', TIMESTAMP '2014-07-25', 0);
INSERT INTO Rentals (rental_id, user_id, book_id, fee_id, due_date, checkout_date, active) VALUES (200, 33, 65, 87, TIMESTAMP '2014-04-18', TIMESTAMP '2014-03-19', 1);
INSERT INTO Rentals (rental_id, user_id, book_id, fee_id, due_date, checkout_date, active) VALUES (201, 33, 94, 88, TIMESTAMP '2014-01-03', TIMESTAMP '2013-12-04', 1);
INSERT INTO Rentals (rental_id, user_id, book_id, due_date, checkout_date, active) VALUES (202, 35, 22, TIMESTAMP '2014-12-22', TIMESTAMP '2014-11-22', 0);
INSERT INTO Rentals (rental_id, user_id, book_id, due_date, checkout_date, active) VALUES (203, 35, 73, TIMESTAMP '2014-06-26', TIMESTAMP '2014-05-27', 0);
INSERT INTO Rentals (rental_id, user_id, book_id, due_date, checkout_date, active) VALUES (204, 35, 10, TIMESTAMP '2014-12-04', TIMESTAMP '2014-11-04', 0);
INSERT INTO Rentals (rental_id, user_id, book_id, due_date, checkout_date, active) VALUES (205, 35, 67, TIMESTAMP '2014-07-13', TIMESTAMP '2014-06-13', 0);
INSERT INTO Rentals (rental_id, user_id, book_id, due_date, checkout_date, active) VALUES (206, 35, 56, TIMESTAMP '2014-05-27', TIMESTAMP '2014-04-27', 0);
INSERT INTO Rentals (rental_id, user_id, book_id, fee_id, due_date, checkout_date, active) VALUES (207, 35, 55, 89, TIMESTAMP '2014-04-02', TIMESTAMP '2014-03-03', 1)